product_code,serve_label,serve_ml,price,sort_order
mocktail_mountain_spritz,Serve,,9.0,1
mocktail_ginger_cooler,Serve,,11.5,1
mocktail_sicilian_lemonade,Serve,,7.5,1
mocktail_non_alcoholic_espresso_martini,Serve,,8.0,1
mocktail_fig_and_truffle_spritz,Serve,,7.5,1
mocktail_saffron_orange_spritz,Serve,,9.0,1
mocktail_cherry_lini_zero,Serve,,12.0,1
wine_wild_idol_alcohol_free_sparkling_white,Glass,125.0,12.0,1
wine_wild_idol_alcohol_free_sparkling_white,Bottle,750.0,62.0,2
wine_searcys_classic_cuv_e_brut_searcys,Glass,125.0,10.0,1
wine_searcys_classic_cuv_e_brut_searcys,Bottle,750.0,60.0,2
wine_chapel_down_ros_brut_chapel_down,Bottle,750.0,88.0,1
wine_searcys_selected_cuv_e_brut_searcys,Glass,125.0,15.0,1
wine_searcys_selected_cuv_e_brut_searcys,Bottle,750.0,85.0,2
wine_searcys_selected_cuv_e_ros_brut_searcys,Glass,125.0,15.5,1
wine_searcys_selected_cuv_e_ros_brut_searcys,Bottle,750.0,85.0,2
wine_nyetimber_classic_cuv_e_nyetimber,Bottle,750.0,90.0,1
wine_lanson_p_re_fils_brut_lanson,Glass,125.0,26.0,1
wine_lanson_p_re_fils_brut_lanson,Bottle,750.0,135.0,2
wine_lanson_ros_brut_lanson,Glass,125.0,18.0,1
wine_lanson_ros_brut_lanson,Bottle,750.0,110.0,2
wine_bottega_poeti_prosecco_brut_doc_bottega,Glass,125.0,9.0,1
wine_bottega_poeti_prosecco_brut_doc_bottega,Bottle,750.0,39.0,2
wine_charles_heidsieck_blanc_de_blancs_brut_charles_heidsieck,Bottle,750.0,115.0,1
wine_laurent_perrier_ros_laurent_perrier,Bottle,750.0,175.0,1
wine_chichibio_pecorino_terre_di_chieti_citra_vini_2022,Glass,125.0,6.0,1
wine_chichibio_pecorino_terre_di_chieti_citra_vini_2022,Glass,175.0,8.5,2
wine_chichibio_pecorino_terre_di_chieti_citra_vini_2022,Carafe,500.0,22.5,3
wine_chichibio_pecorino_terre_di_chieti_citra_vini_2022,Bottle,750.0,33.0,4
wine_montalto_organic_catarratto_montalto_2023,Glass,125.0,6.0,1
wine_montalto_organic_catarratto_montalto_2023,Glass,175.0,8.5,2
wine_montalto_organic_catarratto_montalto_2023,Carafe,500.0,23.0,3
wine_montalto_organic_catarratto_montalto_2023,Bottle,750.0,35.0,4
wine_g_rard_bertrand_heritage_chardonnay_g_rard_bertrand_2023,Glass,125.0,7.0,1
wine_g_rard_bertrand_heritage_chardonnay_g_rard_bertrand_2023,Glass,175.0,9.0,2
wine_g_rard_bertrand_heritage_chardonnay_g_rard_bertrand_2023,Carafe,500.0,25.5,3
wine_g_rard_bertrand_heritage_chardonnay_g_rard_bertrand_2023,Bottle,750.0,40.0,4
wine_sauvignon_blanc_featherdrop_featherdrop_2023,Glass,125.0,7.5,1
wine_sauvignon_blanc_featherdrop_featherdrop_2023,Glass,175.0,10.0,2
wine_sauvignon_blanc_featherdrop_featherdrop_2023,Carafe,500.0,29.0,3
wine_sauvignon_blanc_featherdrop_featherdrop_2023,Bottle,750.0,43.0,4
wine_castel_firmian_pinot_grigio_mezzacorona_2023,Bottle,750.0,45.0,1
wine_soellner_wogenrain_organic_gr_ner_veltliner_soellner_2022,Bottle,750.0,47.0,1
wine_vi_abal_albari_o_vi_abal_2023,Bottle,750.0,52.0,1
wine_lychgate_bacchus_bolney_2021,Bottle,750.0,51.0,1
wine_gavi_di_gavi_la_meirana_broglia_2023,Glass,125.0,10.0,1
wine_gavi_di_gavi_la_meirana_broglia_2023,Glass,175.0,14.0,2
wine_gavi_di_gavi_la_meirana_broglia_2023,Carafe,500.0,39.0,3
wine_gavi_di_gavi_la_meirana_broglia_2023,Bottle,750.0,63.0,4
wine_marcel_henri_cuv_e_daniel_chotard_2023,Bottle,750.0,76.0,1
wine_c_tes_de_provence_mas_fleurey_ros_mas_fleurey_2023,Glass,125.0,8.0,1
wine_c_tes_de_provence_mas_fleurey_ros_mas_fleurey_2023,Glass,175.0,11.0,2
wine_c_tes_de_provence_mas_fleurey_ros_mas_fleurey_2023,Carafe,500.0,26.0,3
wine_c_tes_de_provence_mas_fleurey_ros_mas_fleurey_2023,Bottle,750.0,36.0,4
wine_balfour_nannete_s_ros_balfour_2023,Bottle,750.0,49.0,1
wine_vialetto_negroamaro_vialetto_2022,Glass,125.0,5.5,1
wine_vialetto_negroamaro_vialetto_2022,Glass,175.0,8.0,2
wine_vialetto_negroamaro_vialetto_2022,Carafe,500.0,22.5,3
wine_vialetto_negroamaro_vialetto_2022,Bottle,750.0,32.0,4
wine_montalto_organic_nero_d_avola_montalto_2022,Glass,125.0,6.0,1
wine_montalto_organic_nero_d_avola_montalto_2022,Glass,175.0,9.0,2
wine_montalto_organic_nero_d_avola_montalto_2022,Carafe,500.0,23.5,3
wine_montalto_organic_nero_d_avola_montalto_2022,Bottle,750.0,36.5,4
wine_c_tes_du_rh_ne_haut_de_brun_alain_jaume_2021,Glass,125.0,8.0,1
wine_c_tes_du_rh_ne_haut_de_brun_alain_jaume_2021,Glass,175.0,11.0,2
wine_c_tes_du_rh_ne_haut_de_brun_alain_jaume_2021,Carafe,500.0,26.0,3
wine_c_tes_du_rh_ne_haut_de_brun_alain_jaume_2021,Bottle,750.0,36.5,4
wine_g_rard_bertrand_naturaly_s_pinot_noir_g_rard_bertrand_2022,Bottle,750.0,45.0,1
wine_catena_appellation_vista_flores_malbec_catena_2022,Glass,125.0,8.5,1
wine_catena_appellation_vista_flores_malbec_catena_2022,Glass,175.0,10.0,2
wine_catena_appellation_vista_flores_malbec_catena_2022,Carafe,500.0,29.0,3
wine_catena_appellation_vista_flores_malbec_catena_2022,Bottle,750.0,48.0,4
wine_cervera_colors_negre_cervera_2022,Glass,125.0,12.0,1
wine_cervera_colors_negre_cervera_2022,Glass,175.0,15.0,2
wine_cervera_colors_negre_cervera_2022,Carafe,500.0,40.0,3
wine_cervera_colors_negre_cervera_2022,Bottle,750.0,56.0,4
wine_peppoli_antinori_chianti_classico_antinori_2023,Bottle,750.0,68.0,1
wine_luke_s_pinot_noir_balfour_2023,Bottle,750.0,70.0,1
wine_ch_teau_cissac_haut_m_doc_ch_teau_cissac_2018,Bottle,750.0,80.0,1
wine_st_joseph_poivre_et_sol_francois_villard_2021,Bottle,750.0,84.0,1
wine_la_fleur_d_or_sauternes_2021,Glass,100.0,10.0,1
wine_la_fleur_d_or_sauternes_2021,Bottle,375.0,43.0,2
wine_angelorum_recioto_della_valpolicella_masi_2019,Bottle,375.0,67.0,1
spirit_searcys_london_dry_gin_searcys,Measure,50.0,11.0,1
spirit_tanqueray_london_dry_gin_tanqueray,Measure,50.0,7.0,1
spirit_hendrick_s_hendrick_s,Measure,50.0,9.0,1
spirit_cygnet_dry_gin_cygnet,Measure,50.0,12.5,1
spirit_42_below_42_below,Measure,50.0,7.0,1
spirit_sipsmith_sipping_vodka_sipsmith,Measure,50.0,9.0,1
spirit_grey_goose_l_original_grey_goose,Measure,50.0,11.0,1
spirit_bacardi_carta_blanca_bacardi,Measure,50.0,6.5,1
spirit_cargo_cult_banana_spiced_rum_cargo_cult,Measure,50.0,11.0,1
spirit_xr_matusalem_15_gran_reserve_matusalem,Measure,50.0,12.5,1
spirit_olmeca_silver_olmeca,Measure,50.0,7.0,1
spirit_quiquiriqu_mezcal_quiquiriqu,Measure,50.0,12.5,1
spirit_patron_reposado_patron,Measure,50.0,21.5,1
spirit_jack_daniel_s_old_no7_jack_daniel_s,Measure,50.0,11.0,1
spirit_chivas_regal_12yo_chivas_regal,Measure,50.0,11.0,1
spirit_johnnie_walker_black_label_johnnie_walker,Measure,50.0,11.0,1
spirit_ardbeg_10yo_ardbeg,Measure,50.0,14.5,1
spirit_mancino_rosso_amaranto_mancino,Measure,50.0,7.0,1
spirit_mancino_bianco_ambrato_mancino,Measure,50.0,7.0,1
spirit_antica_formula_vermouth_antica_formula,Measure,50.0,8.0,1
spirit_campari_campari,Measure,50.0,6.5,1
spirit_limoncello_di_capri_limoncello_di_capri,Measure,50.0,6.0,1
spirit_disaronno_amaretto_disaronno,Measure,50.0,8.0,1
spirit_nardini_bianco_grappa_nardini,Measure,50.0,14.5,1
spirit_grappa_amorosa_di_settembre_poli,Measure,50.0,18.0,1
spirit_bepi_tosolini_express_premium_espresso_coffee_liqueur_bepi_tosolini,Measure,50.0,8.0,1
spirit_janneau_vsop_armagnac_janneau,Measure,50.0,11.0,1
spirit_courvoisier_vsop_fine_cognac_courvoisier,Measure,50.0,13.0,1
beer_peroni_nastro_azzurro_non_alcoholic_peroni,Bottle,330.0,4.5,1
beer_the_small_beer_session_pale_ale_the_small_beer,Bottle,330.0,6.5,1
beer_peroni_better_peroni_peroni,Bottle,330.0,5.5,1
beer_menabrea_menabrea,Bottle,330.0,5.5,1
beer_birra_moretti_birra_moretti,Bottle,330.0,5.5,1
soft_indian_tonic_water_fever_tree,Serve,,2.7,1
soft_light_tonic_fever_tree,Serve,,2.7,1
soft_lemon_tonic_fever_tree,Serve,,2.7,1
soft_rhubarb_and_raspberry_tonic_fever_tree,Serve,,2.7,1
soft_elderflower_tonic_fever_tree,Serve,,2.7,1
soft_premium_lemonade_fever_tree,Serve,,2.7,1
soft_ginger_beer_fever_tree,Serve,,2.7,1
soft_italian_blood_orange_soda_fever_tree,Serve,,2.7,1
soft_white_grape_and_apricot_soda_fever_tree,Serve,,2.7,1
soft_pink_grapefruit_soda_fever_tree,Serve,,2.7,1
soft_cloudy_british_apple_with_a_hint_of_mint_fever_tree,Serve,,3.6,1
soft_limonata_san_pellegrino,Serve,,3.6,1
soft_aranciata_san_pellegrino,Serve,,3.6,1
soft_aranciata_rossa_san_pellegrino,Serve,,3.6,1
soft_coca_cola,Serve,,3.6,1
soft_diet_coke,Serve,,3.6,1
juice_apple,Serve,,3.6,1
juice_cranberry,Serve,,3.6,1
juice_grapefruit,Serve,,3.6,1
juice_tomato,Serve,,3.6,1
juice_orange,Serve,,3.6,1
soft_harrogate_mineral_water_still,Bottle,750.0,4.0,1
soft_harrogate_mineral_water_still,Bottle,330.0,2.5,2
soft_harrogate_mineral_water_sparkling,Bottle,750.0,4.0,1
soft_harrogate_mineral_water_sparkling,Bottle,330.0,2.5,2
hot_espresso,Cup,,3.0,1
hot_espresso_macchiato,Cup,,3.0,1
hot_double_espresso,Cup,,3.5,1
hot_double_macchiato,Cup,,3.5,1
hot_cappuccino,Cup,,4.5,1
hot_latte,Cup,,4.5,1
hot_flat_white,Cup,,4.5,1
hot_americano,Cup,,4.0,1
hot_bicerin,Cup,,4.5,1
hot_tea_and_infusions,Cup,,3.6,1
