product_code,name,category,subcategory,section_name,description,abv,vegan,organic,producer,country,is_active
mocktail_mountain_spritz,Mountain Spritz,mocktail,non_alcoholic_cocktail,Non-alcoholic cocktails,"Everleaf Mountain, Fever-Tree White Grape and Apricot Soda",,,,,,TRUE
mocktail_ginger_cooler,Ginger Cooler,mocktail,non_alcoholic_cocktail,Non-alcoholic cocktails,"Pentire Seaward, Lemon, Elderflower, Ginger Ale",,,,,,TRUE
mocktail_sicilian_lemonade,Sicilian Lemonade,mocktail,non_alcoholic_cocktail,Non-alcoholic cocktails,"Sicilian Lemon, Bergamot Essential Oil",,,,,,TRUE
mocktail_non_alcoholic_espresso_martini,Non-alcoholic Espresso Martini,mocktail,non_alcoholic_cocktail,Non-alcoholic cocktails,"Coffee, Sugar, Non-alcoholic Coffee Liquor, Cacao Nibs",,,,,,TRUE
mocktail_fig_and_truffle_spritz,Fig and Truffle Spritz,mocktail,non_alcoholic_cocktail,Non-alcoholic cocktails,"Figs, Honey, Truffle, Vichy Catalan",,,,,,FALSE
mocktail_saffron_orange_spritz,Saffron & Orange Spritz,mocktail,non_alcoholic_cocktail,Non-alcoholic cocktails,"Everleaf Forest, Blood Orange Soda",,,,,,TRUE
mocktail_cherry_lini_zero,Cherry-lini Zero,mocktail,non_alcoholic_cocktail,Non-alcoholic cocktails,"Wild idol, cherry syrup, lemon juice, maraschino cherry",,,,,,TRUE
item,,,,,,,,,,,
wine_bottega_poeti_prosecco_brut_doc_bottega,Bottega Poeti Prosecco Brut DOC,wine,sparkling,Wines by the bottle,"Fresh and delicate with apple, white peach and citrus. Balanced acidity with soft floral notes",11,TRUE,FALSE,Bottega,Italy,TRUE
wine_wild_idol_alcohol_free_sparkling_white,Wild Idol Alcohol Free Sparkling White,wine,sparkling,Wines by the bottle,Alcohol Free Sparkling White,0,TRUE,,Balfour Winery,England,TRUE
wine_searcys_classic_cuv_e_brut_searcys,Searcys Classic Cuvée Brut,wine,sparkling,Wines by the bottle,"Surrey, England, NV",12.5,TRUE,,Searcys,England,TRUE
wine_chapel_down_ros_brut_chapel_down,Chapel Down Rosé Brut,wine,sparkling,Wines by the bottle,"Kent, England, NV",12,TRUE,,Chapel Down,England,TRUE
wine_searcys_selected_cuv_e_brut_searcys,Searcys Selected Cuvée Brut,wine,sparkling,Wines by the bottle,"Champagne, NV",12.5,TRUE,,Searcys,France,TRUE
wine_searcys_selected_cuv_e_ros_brut_searcys,Searcys Selected Cuvée Rosé Brut,wine,sparkling,Wines by the bottle,"Champagne, NV",12.5,TRUE,,Searcys,France,TRUE
wine_nyetimber_classic_cuv_e_nyetimber,Nyetimber Classic Cuvée,wine,sparkling,Wines by the bottle,"Sussex, England, NV",12,TRUE,,Nyetimber,England,TRUE
wine_lanson_p_re_fils_brut_lanson,Lanson Père & Fils Brut,wine,sparkling,Wines by the bottle,"Champagne, NV",12.5,TRUE,,Lanson,France,TRUE
wine_lanson_ros_brut_lanson,Lanson Rosé Brut,wine,sparkling,Wines by the bottle,"Champagne, NV",12.5,TRUE,,Lanson,France,FALSE
wine_charles_heidsieck_blanc_de_blancs_brut_charles_heidsieck,Charles Heidsieck Blanc de Blancs Brut,wine,sparkling,Wines by the bottle,NV,12.5,TRUE,,Charles Heidsieck,France,TRUE
wine_laurent_perrier_ros_laurent_perrier,Laurent-Perrier Rosé Brut,wine,sparkling,Wines by the bottle,"Salmon-pink rosé with ripe berries, dark cherry and candied citrus. Dry, elegant and refined",12,TRUE,FALSE,Laurent-Perrier,France,TRUE
item,,,,,,,,,,,
wine_chichibio_pecorino_terre_di_chieti_citra_vini_2022,ChiChiBio Pecorino Terre di Chieti,wine,white,Wines by the bottle,"Citra Vini, Chieti, Abruzzo, Italy",12,TRUE,TRUE,Citra Vini,Italy,TRUE
wine_montalto_organic_catarratto_montalto_2023,Montalto Organic Catarratto,wine,white,Wines by the bottle,"Sicily, Italy",12.5,TRUE,TRUE,Montalto,Italy,TRUE
wine_g_rard_bertrand_heritage_chardonnay_g_rard_bertrand_2023,Gérard Bertrand Heritage Chardonnay,wine,white,Wines by the bottle,"Occitanie, France",13,TRUE,,Gérard Bertrand,France,TRUE
wine_sauvignon_blanc_featherdrop_featherdrop_2023,Sauvignon Blanc Featherdrop,wine,white,Wines by the bottle,"Marlborough, New Zealand",12.5,,,Featherdrop,New Zealand,TRUE
wine_castel_firmian_pinot_grigio_mezzacorona_2023,Castel Firmian Pinot Grigio,wine,white,Wines by the bottle,"Mezzacorona, Trentino, Italy",12.5,TRUE,,Mezzacorona,Italy,TRUE
wine_soellner_wogenrain_organic_gr_ner_veltliner_soellner_2022,Soellner Wogenrain Organic Grüner Veltliner,wine,white,Wines by the bottle,"Wagram, Austria",11.5,,TRUE,Soellner,Austria,TRUE
wine_vi_abal_albari_o_vi_abal_2023,Viñabal Albariño,wine,white,Wines by the bottle,"Rías Baixas, Galicia, Spain",12.5,,,Viñabal,Spain,TRUE
wine_lychgate_bacchus_bolney_2021,Lychgate Bacchus,wine,white,Wines by the bottle,"Bolney, West Sussex, England",11,,,Bolney,England,TRUE
wine_gavi_di_gavi_la_meirana_broglia_2023,Gavi di Gavi La Meirana,wine,white,Wines by the bottle,"Broglia, Piedmont, Italy",13,TRUE,,Broglia,Italy,TRUE
wine_marcel_henri_cuv_e_daniel_chotard_2023,Marcel Henri Cuvée,wine,white,Wines by the bottle,"Daniel Chotard, Sancerre, Loire, France",13.5,,,Daniel Chotard,France,TRUE
item,,,,,,,,,,,
wine_c_tes_de_provence_mas_fleurey_ros_mas_fleurey_2023,Côtes de Provence Mas Fleurey Rosé,wine,rose,Wines by the bottle,"Provence, France",12.5,TRUE,,Mas Fleurey,France,TRUE
wine_balfour_nannete_s_ros_balfour_2023,Balfour Nannete's Rosé,wine,rose,Wines by the bottle,"Kent, England",12,TRUE,,Balfour,England,TRUE
item,,,,,,,,,,,
wine_vialetto_negroamaro_vialetto_2022,Vialetto Negroamaro,wine,red,Wines by the bottle,"Puglia, Italy",12.5,TRUE,,Vialetto,Italy,TRUE
wine_montalto_organic_nero_d_avola_montalto_2022,Montalto Organic Nero d'Avola,wine,red,Wines by the bottle,"Sicily, Italy",13.5,TRUE,TRUE,Montalto,Italy,TRUE
wine_c_tes_du_rh_ne_haut_de_brun_alain_jaume_2021,Côtes du Rhône Haut de Brun,wine,red,Wines by the bottle,"Alain Jaume, Rhône, France",13.5,,TRUE,Alain Jaume,France,TRUE
wine_g_rard_bertrand_naturaly_s_pinot_noir_g_rard_bertrand_2022,Gérard Bertrand Naturaly's Pinot Noir,wine,red,Wines by the bottle,"Occitanie, France",13.5,TRUE,TRUE,Gérard Bertrand,France,TRUE
wine_catena_appellation_vista_flores_malbec_catena_2022,Catena Appellation Vista Flores Malbec,wine,red,Wines by the bottle,"Mendoza, Argentina",13.5,TRUE,,Catena,Argentina,TRUE
wine_cervera_colors_negre_cervera_2022,Cervera Colors Negre,wine,red,Wines by the bottle,"Costers del Segre, Catalonia, Spain",15,TRUE,,Cervera,Spain,TRUE
wine_peppoli_antinori_chianti_classico_antinori_2023,Peppoli Antinori Chianti Classico,wine,red,Wines by the bottle,Italy,13.5,,,Antinori,Italy,TRUE
wine_luke_s_pinot_noir_balfour_2023,Luke's Pinot Noir,wine,red,Wines by the bottle,"Balfour, Kent, England",12.5,TRUE,,Balfour,England,TRUE
wine_ch_teau_cissac_haut_m_doc_ch_teau_cissac_2018,Château Cissac Haut-Médoc,wine,red,Wines by the bottle,"Bordeaux, France",13,,,Château Cissac,France,TRUE
wine_st_joseph_poivre_et_sol_francois_villard_2021,St Joseph Poivre et Sol,wine,red,Wines by the bottle,"Francois Villard, Rhône, France",12.5,TRUE,,Francois Villard,France,TRUE
item,,,,,,,,,,,
wine_la_fleur_d_or_sauternes_2021,La Fleur d'Or Sauternes,wine,dessert,Wines by the bottle,"Bordeaux, France (375ml bottle list)",13.5,TRUE,,,France,TRUE
wine_angelorum_recioto_della_valpolicella_masi_2019,Angelorum Recioto della Valpolicella,wine,dessert,Wines by the bottle,"Masi, Italy (375ml bottle list)",14,TRUE,,Masi,Italy,TRUE
item,,,,,,,,,,,
spirit_searcys_london_dry_gin_searcys,Searcys London Dry Gin,spirit,gin,Spirits,TBD,40,,,Searcys,England,TRUE
spirit_tanqueray_london_dry_gin_tanqueray,Tanqueray London Dry Gin,spirit,gin,Spirits,TBD,41.3,,,Tanqueray,England,TRUE
spirit_hendrick_s_hendrick_s,Hendrick's,spirit,gin,Spirits,TBD,41.4,,,Hendrick's,Scotland,TRUE
spirit_cygnet_dry_gin_cygnet,Cygnet Dry Gin,spirit,gin,Spirits,TBD,40,,,Cygnet,Wales,TRUE
item,,,,,,,,,,,
spirit_42_below_42_below,42 Below,spirit,vodka,Spirits,TBD,40,,,42 Below,New Zealand,TRUE
spirit_sipsmith_sipping_vodka_sipsmith,Sipsmith Sipping Vodka,spirit,vodka,Spirits,TBD,40,,,Sipsmith,England,TRUE
spirit_grey_goose_l_original_grey_goose,Grey Goose L'Original,spirit,vodka,Spirits,TBD,40,,,Grey Goose,France,TRUE
item,,,,,,,,,,,
spirit_bacardi_carta_blanca_bacardi,Bacardi Carta Blanca,spirit,rum,Spirits,TBD,37.5,,,Bacardi,Puerto Rico,TRUE
spirit_cargo_cult_banana_spiced_rum_cargo_cult,Cargo Cult Banana Spiced Rum,spirit,rum,Spirits,TBD,38,,,Cargo Cult,Australia,TRUE
spirit_xr_matusalem_15_gran_reserve_matusalem,XR Matusalem 15 Gran Reserve,spirit,rum,Spirits,TBD,40,,,Matusalem,Dominican Republic,TRUE
item,,,,,,,,,,,
spirit_olmeca_silver_olmeca,Olmeca Silver,spirit,tequila,Spirits,TBD,35,,,Olmeca,Mexico,TRUE
spirit_quiquiriqu_mezcal_quiquiriqu,Quiquiriquí­ Mezcal,spirit,tequila,Spirits,TBD,45,,,Quiquiriquí­,Mexico,TRUE
spirit_patron_reposado_patron,Patron Reposado,spirit,tequila,Spirits,TBD,40,,,Patron,Mexico,TRUE
item,,,,,,,,,,,
spirit_jack_daniel_s_old_no7_jack_daniel_s,Jack Daniel's Old No7,spirit,whisky,Spirits,TBD,40,,,Jack Daniel's,USA,TRUE
spirit_chivas_regal_12yo_chivas_regal,Chivas Regal 12yo,spirit,whisky,Spirits,TBD,40,,,Chivas Regal,Scotland,TRUE
spirit_johnnie_walker_black_label_johnnie_walker,Johnnie Walker Black Label,spirit,whisky,Spirits,TBD,40,,,Johnnie Walker,Scotland,TRUE
spirit_ardbeg_10yo_ardbeg,Ardbeg 10yo,spirit,whisky,Spirits,TBD,46,,,Ardbeg,Scotland,TRUE
item,,,,,,,,,,,
spirit_mancino_rosso_amaranto_mancino,Mancino Rosso Amaranto,spirit,vermouth,Spirits,TBD,16,,,Mancino,,TRUE
spirit_mancino_bianco_ambrato_mancino,Mancino Bianco Ambrato,spirit,vermouth,Spirits,TBD,16,,,Mancino,,TRUE
spirit_antica_formula_vermouth_antica_formula,Antica Formula Vermouth,spirit,vermouth,Spirits,TBD,16.5,,,Antica Formula,Italy,TRUE
spirit_campari_campari,Campari,spirit,liqueur,Spirits,TBD,28,,,Campari,Italy,TRUE
item,,,,,,,,,,,
spirit_limoncello_di_capri_limoncello_di_capri,Limoncello di Capri,spirit,liqueur,Spirits,TBD,30,,,Limoncello di Capri,Italy,TRUE
spirit_disaronno_amaretto_disaronno,Disaronno Amaretto,spirit,liqueur,Spirits,TBD,28,,,Disaronno,Italy,TRUE
spirit_nardini_bianco_grappa_nardini,Nardini Bianco Grappa,spirit,liqueur,Spirits,TBD,40,,,Nardini,Italy,TRUE
spirit_grappa_amorosa_di_settembre_poli,Grappa Amorosa di Settembre,spirit,liqueur,Spirits,TBD,40,,,Poli,Italy,TRUE
spirit_bepi_tosolini_express_premium_espresso_coffee_liqueur_bepi_tosolini,Bepi Tosolini Express Premium Espresso Coffee Liqueur,spirit,liqueur,Spirits,TBD,28,,,Bepi Tosolini,Italy,TRUE
item,,,,,,,,,,,
spirit_janneau_vsop_armagnac_janneau,Janneau VSOP Armagnac,spirit,brandy,Spirits,TBD,40,,,Janneau,France,TRUE
spirit_courvoisier_vsop_fine_cognac_courvoisier,Courvoisier VSOP Fine Cognac,spirit,brandy,Spirits,TBD,40,,,Courvoisier,France,TRUE
item,,,,,,,,,,,
beer_peroni_nastro_azzurro_non_alcoholic_peroni,Peroni Nastro Azzurro (non-alcoholic),beer,lager,Beers,"Alcohol-free Italian lager with the same crisp, clean and refreshing character as the original",0,TRUE,FALSE,Birra Peroni,Italy,TRUE
beer_the_small_beer_session_pale_ale_the_small_beer,Small Beer Session Pale Ale,beer,pale ale,Beers,"Low-alcohol session pale with toasted malt, lemon citrus and spicy hops, finishing dry and bitter",2.5,TRUE,FALSE,Small Beer Brew Co,England,TRUE
beer_peroni_better_peroni_peroni,Peroni Nastro Azzuro,beer,lager,Beers,"Premium Italian lager with an intensely crisp, clean and refreshing character",5.1,TRUE,FALSE,Birra Peroni,Italy,TRUE
beer_menabrea_menabrea,Menabrea Bionda,beer,lager,Beers,"Pale Italian lager, well balanced between citrus and bitter tones with floral, fruity undertones and a refined, crisp finish",4.8,TRUE,FALSE,Birra Menabrea,Italy,TRUE
beer_birra_moretti_birra_moretti,Birra Moretti,beer,lager,Beers,"Classic Italian premium lager with a finely bitter, balanced taste, floral notes and aromas of barley malt",4.6,TRUE,FALSE,Birra Moretti,Italy,TRUE
item,,,,,,,,,,,
soft_indian_tonic_water_fever_tree,Indian Tonic Water,soft,fever_tree,Soft drinks,TBD,,,,Fever-Tree,,TRUE
soft_light_tonic_fever_tree,Light Tonic,soft,fever_tree,Soft drinks,TBD,,,,Fever-Tree,,TRUE
soft_lemon_tonic_fever_tree,Lemon Tonic,soft,fever_tree,Soft drinks,TBD,,,,Fever-Tree,,TRUE
soft_rhubarb_and_raspberry_tonic_fever_tree,Rhubarb and Raspberry Tonic,soft,fever_tree,Soft drinks,TBD,,,,Fever-Tree,,TRUE
soft_elderflower_tonic_fever_tree,Elderflower Tonic,soft,fever_tree,Soft drinks,TBD,,,,Fever-Tree,,TRUE
soft_premium_lemonade_fever_tree,Premium Lemonade,soft,fever_tree,Soft drinks,TBD,,,,Fever-Tree,,TRUE
soft_ginger_beer_fever_tree,Ginger Beer,soft,fever_tree,Soft drinks,TBD,,,,Fever-Tree,,TRUE
soft_italian_blood_orange_soda_fever_tree,Italian Blood Orange Soda,soft,fever_tree,Soft drinks,TBD,,,,Fever-Tree,,TRUE
soft_white_grape_and_apricot_soda_fever_tree,White Grape and Apricot Soda,soft,fever_tree,Soft drinks,TBD,,,,Fever-Tree,,TRUE
soft_pink_grapefruit_soda_fever_tree,Pink Grapefruit Soda,soft,fever_tree,Soft drinks,TBD,,,,Fever-Tree,,TRUE
soft_cloudy_british_apple_with_a_hint_of_mint_fever_tree,Cloudy British Apple with a Hint of Mint,soft,fever_tree,Soft drinks,TBD,,,,Fever-Tree,,TRUE
item,,,,,,,,,,,
soft_limonata_san_pellegrino,Limonata,soft,san_pellegrino,Soft drinks,TBD,,,,San Pellegrino,,TRUE
soft_aranciata_san_pellegrino,Aranciata,soft,san_pellegrino,Soft drinks,TBD,,,,San Pellegrino,,TRUE
soft_aranciata_rossa_san_pellegrino,Aranciata Rossa,soft,san_pellegrino,Soft drinks,TBD,,,,San Pellegrino,,TRUE
item,,,,,,,,,,,
soft_coca_cola,Coca-cola,soft,classic,Soft drinks,TBD,,,,,,TRUE
soft_diet_coke,Diet Coke,soft,classic,Soft drinks,TBD,,,,,,TRUE
item,,,,,,,,,,,
juice_apple,Apple,soft,juice,Fruit juice,TBD,,,,,,TRUE
juice_cranberry,Cranberry,soft,juice,Fruit juice,TBD,,,,,,TRUE
juice_grapefruit,Grapefruit,soft,juice,Fruit juice,TBD,,,,,,TRUE
juice_tomato,Tomato,soft,juice,Fruit juice,TBD,,,,,,TRUE
juice_orange,Orange,soft,juice,Fruit juice,TBD,,,,,,TRUE
item,,,,,,,,,,,
soft_harrogate_mineral_water_still,Harrogate Mineral Water Still,soft,water,Water,TBD,,,,,,TRUE
soft_harrogate_mineral_water_sparkling,Harrogate Mineral Water Sparkling,soft,water,Water,TBD,,,,,,TRUE
item,,,,,,,,,,,
hot_espresso,Espresso,hot,coffee,Hot drinks,,,,,,,TRUE
hot_espresso_macchiato,Espresso macchiato,hot,coffee,Hot drinks,,,,,,,TRUE
hot_double_espresso,Double espresso,hot,coffee,Hot drinks,,,,,,,TRUE
hot_double_macchiato,Double macchiato,hot,coffee,Hot drinks,,,,,,,TRUE
hot_cappuccino,Cappuccino,hot,coffee,Hot drinks,,,,,,,TRUE
hot_latte,Latte,hot,coffee,Hot drinks,,,,,,,TRUE
hot_flat_white,Flat white,hot,coffee,Hot drinks,,,,,,,TRUE
hot_americano,Americano,hot,coffee,Hot drinks,,,,,,,TRUE
hot_bicerin,Bicerin,hot,coffee,Hot drinks,,,,,,,TRUE
hot_tea_and_infusions,Tea and infusions,hot,tea,Hot drinks,"English Breakfast, Earl Grey Imperial, Rooibos African Nights, Green Tea, Peppermint Moroccan Secret, Fresh Mint",,,,,,TRUE